id,video_name,label,person,frame_count
932,1.MOV,Bạn bè,person_01,43
933,10.MOV,Bạn bè,person_01,42
934,2.MOV,Bạn bè,person_01,45
935,3.MOV,Bạn bè,person_01,46
936,4.MOV,Bạn bè,person_01,48
937,5.MOV,Bạn bè,person_01,45
938,6.MOV,Bạn bè,person_01,36
939,7.MOV,Bạn bè,person_01,32
940,8.MOV,Bạn bè,person_01,34
941,9.MOV,Bạn bè,person_01,56
942,friend_001.MOV,Bạn bè,person_01,56
943,friend_002.MOV,Bạn bè,person_01,43
944,friend_003.MOV,Bạn bè,person_01,58
945,friend_004.MOV,Bạn bè,person_01,53
946,friend_005.MOV,Bạn bè,person_01,33
947,friend_006.MOV,Bạn bè,person_01,54
697,1.MOV,Bố,person_01,24
698,10.MOV,Bố,person_01,22
699,2.MOV,Bố,person_01,22
700,3.MOV,Bố,person_01,22
701,4.MOV,Bố,person_01,22
702,5.MOV,Bố,person_01,21
703,6.MOV,Bố,person_01,23
704,7.MOV,Bố,person_01,28
705,8.MOV,Bố,person_01,20
706,9.MOV,Bố,person_01,27
707,dad_001.MOV,Bố,person_01,20
708,dad_002.MOV,Bố,person_01,28
709,dad_003.MOV,Bố,person_01,30
710,dad_004.MOV,Bố,person_01,34
711,dad_005.MOV,Bố,person_01,23
693,7912585322712.mp4,Có,person_01,42
694,7912585588402.mp4,Có,person_01,37
1,91.MOV,Có,person_01,35
2,93.MOV,Có,person_01,42
3,95.MOV,Có,person_01,33
4,97.MOV,Có,person_01,44
5,98.MOV,Có,person_01,34
6,99.MOV,Có,person_01,30
7,yes_001.MOV,Có,person_01,27
8,yes_002.MOV,Có,person_01,46
9,yes_003.MOV,Có,person_01,44
10,yes_004.MOV,Có,person_01,38
11,yes_005.MOV,Có,person_01,33
12,51.MOV,Cảm ơn,person_01,51
13,54.MOV,Cảm ơn,person_01,48
14,56.MOV,Cảm ơn,person_01,44
15,57.MOV,Cảm ơn,person_01,64
16,58.MOV,Cảm ơn,person_01,41
695,7912585361670.mp4,Cảm ơn,person_01,55
696,7912585594265.mp4,Cảm ơn,person_01,60
17,thanks_001.MOV,Cảm ơn,person_01,52
18,thanks_002.MOV,Cảm ơn,person_01,58
20,thanks_004.MOV,Cảm ơn,person_01,60
21,thanks_005.MOV,Cảm ơn,person_01,51
712,1.MOV,Hiểu,person_01,25
713,10.MOV,Hiểu,person_01,31
714,2.MOV,Hiểu,person_01,29
715,3.MOV,Hiểu,person_01,35
716,4.MOV,Hiểu,person_01,37
717,5.MOV,Hiểu,person_01,26
718,6.MOV,Hiểu,person_01,29
719,7.MOV,Hiểu,person_01,29
720,8.MOV,Hiểu,person_01,27
721,9.MOV,Hiểu,person_01,27
722,understand_001.MOV,Hiểu,person_01,17
22,71.MOV,Hạnh phúc,person_01,47
23,72.MOV,Hạnh phúc,person_01,47
24,73.MOV,Hạnh phúc,person_01,49
25,74.MOV,Hạnh phúc,person_01,45
26,75.MOV,Hạnh phúc,person_01,47
27,76.MOV,Hạnh phúc,person_01,51
28,77.MOV,Hạnh phúc,person_01,49
29,78.MOV,Hạnh phúc,person_01,44
30,79.MOV,Hạnh phúc,person_01,34
578,7912585665651.mp4,Hạnh phúc,person_01,50
579,7912585726327.mp4,Hạnh phúc,person_01,55
31,80.MOV,Hạnh phúc,person_01,37
32,happy_001.MOV,Hạnh phúc,person_01,39
723,1.MOV,Học,person_01,27
724,10.MOV,Học,person_01,30
725,2.MOV,Học,person_01,24
726,3.MOV,Học,person_01,30
727,4.MOV,Học,person_01,26
728,5.MOV,Học,person_01,25
729,6.MOV,Học,person_01,28
730,7.MOV,Học,person_01,26
731,8.MOV,Học,person_01,37
732,9.MOV,Học,person_01,34
733,learn_001.MOV,Học,person_01,30
33,41.MOV,Không,person_01,48
34,42.MOV,Không,person_01,50
35,43.MOV,Không,person_01,52
36,44.MOV,Không,person_01,52
37,45.MOV,Không,person_01,47
38,46.MOV,Không,person_01,43
39,47.MOV,Không,person_01,53
40,48.MOV,Không,person_01,48
41,49.MOV,Không,person_01,44
42,50.MOV,Không,person_01,44
580,7912585767155.mp4,Không,person_01,86
581,7912585850011.mp4,Không,person_01,121
734,1.MOV,Thích,person_01,47
736,2.MOV,Thích,person_01,41
737,3.MOV,Thích,person_01,39
738,4.MOV,Thích,person_01,47
739,5.MOV,Thích,person_01,45
740,6.MOV,Thích,person_01,45
741,7.MOV,Thích,person_01,46
742,8.MOV,Thích,person_01,50
743,9.MOV,Thích,person_01,45
744,like_001.MOV,Thích,person_01,42
582,7912585442972.mp4,Tôi,person_01,39
583,7912585609868.mp4,Tôi,person_01,29
44,81.MOV,Tôi,person_01,30
45,82.MOV,Tôi,person_01,38
46,83.MOV,Tôi,person_01,35
47,84.MOV,Tôi,person_01,32
48,85.MOV,Tôi,person_01,33
49,86.MOV,Tôi,person_01,27
50,87.MOV,Tôi,person_01,25
51,88.MOV,Tôi,person_01,26
52,89.MOV,Tôi,person_01,23
53,90.MOV,Tôi,person_01,25
54,me_001.MOV,Tôi,person_01,24
55,01.MOV,Tạm biệt,person_01,49
56,02.MOV,Tạm biệt,person_01,61
57,03.MOV,Tạm biệt,person_01,48
58,04.MOV,Tạm biệt,person_01,47
59,05.MOV,Tạm biệt,person_01,69
60,06.MOV,Tạm biệt,person_01,53
61,07.MOV,Tạm biệt,person_01,46
62,08.MOV,Tạm biệt,person_01,55
63,09.MOV,Tạm biệt,person_01,47
64,10.MOV,Tạm biệt,person_01,37
584,7912585073522.mp4,Tạm biệt,person_01,42
585,7912585260583.mp4,Tạm biệt,person_01,42
65,goodbye_001.MOV,Tạm biệt,person_01,34
66,31.MOV,Uống,person_01,34
67,32.MOV,Uống,person_01,34
68,33.MOV,Uống,person_01,36
69,34.MOV,Uống,person_01,32
70,35.MOV,Uống,person_01,33
71,36.MOV,Uống,person_01,29
72,37.MOV,Uống,person_01,29
73,38.MOV,Uống,person_01,26
74,39.MOV,Uống,person_01,58
75,40.MOV,Uống,person_01,30
586,7912585401111.mp4,Uống,person_01,44
587,7912585513514.mp4,Uống,person_01,47
76,drink_001.MOV,Uống,person_01,27
77,11.MOV,Xin chào,person_01,53
78,12.MOV,Xin chào,person_01,40
79,13.MOV,Xin chào,person_01,45
80,14.MOV,Xin chào,person_01,52
81,15.MOV,Xin chào,person_01,49
82,16.MOV,Xin chào,person_01,46
83,17.MOV,Xin chào,person_01,46
84,18.MOV,Xin chào,person_01,32
85,19.MOV,Xin chào,person_01,28
86,20.MOV,Xin chào,person_01,50
588,7912584984887.mp4,Xin chào,person_01,52
589,7912585282669.mp4,Xin chào,person_01,44
87,hello_001.MOV,Xin chào,person_01,11
88,21.MOV,Xin lỗi,person_01,60
89,22.MOV,Xin lỗi,person_01,63
90,23.MOV,Xin lỗi,person_01,62
91,24.MOV,Xin lỗi,person_01,67
92,25.MOV,Xin lỗi,person_01,83
93,26.MOV,Xin lỗi,person_01,69
94,27.MOV,Xin lỗi,person_01,54
95,28.MOV,Xin lỗi,person_01,72
96,29.MOV,Xin lỗi,person_01,50
97,30.MOV,Xin lỗi,person_01,67
590,7912585102713.mp4,Xin lỗi,person_01,58
591,7912585116783.mp4,Xin lỗi,person_01,47
98,sorry_001.MOV,Xin lỗi,person_01,28
99,61.MOV,Ăn,person_01,33
100,62.MOV,Ăn,person_01,26
101,63.MOV,Ăn,person_01,22
102,64.MOV,Ăn,person_01,28
103,65.MOV,Ăn,person_01,31
104,66.MOV,Ăn,person_01,30
105,67.MOV,Ăn,person_01,24
106,68.MOV,Ăn,person_01,22
107,69.MOV,Ăn,person_01,32
108,70.MOV,Ăn,person_01,21
592,7912585060438.mp4,Ăn,person_01,31
593,7912585153724.mp4,Ăn,person_01,37
109,eat_001.MOV,Ăn,person_01,49
110,eat_002.MOV,Ăn,person_01,14
111,eat_003.MOV,Ăn,person_01,18
112,eat_004.MOV,Ăn,person_01,25
113,eat_005.MOV,Ăn,person_01,20
948,IMG_8016.MOV,Bạn bè,person_02,40
949,IMG_8017.MOV,Bạn bè,person_02,41
950,IMG_8018.MOV,Bạn bè,person_02,44
951,IMG_8019.MOV,Bạn bè,person_02,46
952,IMG_8020.MOV,Bạn bè,person_02,41
953,IMG_8021.MOV,Bạn bè,person_02,41
954,IMG_8022.MOV,Bạn bè,person_02,46
955,IMG_8023.MOV,Bạn bè,person_02,42
956,IMG_8024.MOV,Bạn bè,person_02,40
957,IMG_8025.MOV,Bạn bè,person_02,43
958,friend_001.mp4,Bạn bè,person_02,67
959,friend_002.mp4,Bạn bè,person_02,58
960,friend_003.MOV,Bạn bè,person_02,45
961,friend_004.MOV,Bạn bè,person_02,49
962,friend_005.MOV,Bạn bè,person_02,50
745,IMG_8026.MOV,Bố,person_02,42
746,IMG_8027.MOV,Bố,person_02,29
747,IMG_8028.MOV,Bố,person_02,28
748,IMG_8029.MOV,Bố,person_02,31
749,IMG_8030.MOV,Bố,person_02,29
750,IMG_8031.MOV,Bố,person_02,30
751,IMG_8032.MOV,Bố,person_02,32
752,IMG_8033.MOV,Bố,person_02,37
753,IMG_8034.MOV,Bố,person_02,31
754,IMG_8035.MOV,Bố,person_02,33
755,dad_001.mp4,Bố,person_02,35
756,dad_002.mp4,Bố,person_02,32
757,dad_003.mp4,Bố,person_02,27
758,dad_004.MOV,Bố,person_02,33
759,dad_005.mov,Bố,person_02,21
114,IMG_7941.MOV,Có,person_02,48
115,IMG_7942.MOV,Có,person_02,44
116,IMG_7943.MOV,Có,person_02,46
117,IMG_7944.MOV,Có,person_02,51
118,IMG_7945.MOV,Có,person_02,43
119,IMG_7946.MOV,Có,person_02,50
120,IMG_7947.MOV,Có,person_02,52
121,IMG_7948.MOV,Có,person_02,51
122,IMG_7949.MOV,Có,person_02,64
123,a.mov,Có,person_02,53
124,yes_001.mp4,Có,person_02,61
125,yes_002.mp4,Có,person_02,54
126,yes_003.mp4,Có,person_02,49
127,yes_004.mp4,Có,person_02,47
128,yes_005.mp4,Có,person_02,43
129,IMG_7921.MOV,Cảm ơn,person_02,40
130,IMG_7922.MOV,Cảm ơn,person_02,38
131,IMG_7923.MOV,Cảm ơn,person_02,50
132,IMG_7924.MOV,Cảm ơn,person_02,43
133,IMG_7925.MOV,Cảm ơn,person_02,44
134,IMG_7926.MOV,Cảm ơn,person_02,42
135,IMG_7927.MOV,Cảm ơn,person_02,40
136,IMG_7928.MOV,Cảm ơn,person_02,49
137,IMG_7929.MOV,Cảm ơn,person_02,42
138,IMG_7930.MOV,Cảm ơn,person_02,38
139,thanks_001.mp4,Cảm ơn,person_02,49
140,thanks_002.mp4,Cảm ơn,person_02,45
141,thanks_003.mp4,Cảm ơn,person_02,42
142,thanks_004.MOV,Cảm ơn,person_02,44
143,thanks_005.MOV,Cảm ơn,person_02,39
760,IMG_8036.MOV,Hiểu,person_02,46
761,IMG_8037.MOV,Hiểu,person_02,43
762,IMG_8038.MOV,Hiểu,person_02,40
763,IMG_8039.MOV,Hiểu,person_02,39
764,IMG_8040.MOV,Hiểu,person_02,43
765,IMG_8041.MOV,Hiểu,person_02,40
766,IMG_8042.MOV,Hiểu,person_02,40
767,IMG_8043.MOV,Hiểu,person_02,54
768,IMG_8044.MOV,Hiểu,person_02,48
769,IMG_8045.MOV,Hiểu,person_02,43
770,understand_001.MOV,Hiểu,person_02,22
771,understand_002.MOV,Hiểu,person_02,30
772,understand_003.MOV,Hiểu,person_02,32
773,understand_004.MOV,Hiểu,person_02,33
774,understand_005.MOV,Hiểu,person_02,30
144,IMG_7991.MOV,Hạnh phúc,person_02,45
145,IMG_7992.MOV,Hạnh phúc,person_02,48
146,IMG_7993.MOV,Hạnh phúc,person_02,42
147,IMG_7994.MOV,Hạnh phúc,person_02,46
148,IMG_7995.MOV,Hạnh phúc,person_02,45
149,IMG_7996.MOV,Hạnh phúc,person_02,54
150,IMG_7997.MOV,Hạnh phúc,person_02,46
151,IMG_7998.MOV,Hạnh phúc,person_02,74
152,IMG_7999.MOV,Hạnh phúc,person_02,50
153,IMG_8001.MOV,Hạnh phúc,person_02,71
154,happy_001.mp4,Hạnh phúc,person_02,47
155,happy_002.mp4,Hạnh phúc,person_02,47
156,happy_003.mp4,Hạnh phúc,person_02,42
157,happy_004.MOV,Hạnh phúc,person_02,55
775,IMG_8046.MOV,Học,person_02,37
776,IMG_8047.MOV,Học,person_02,36
777,IMG_8048.MOV,Học,person_02,37
778,IMG_8049.MOV,Học,person_02,39
779,IMG_8050.MOV,Học,person_02,43
780,IMG_8051.MOV,Học,person_02,33
781,IMG_8052.MOV,Học,person_02,36
782,IMG_8053.MOV,Học,person_02,33
783,IMG_8054.MOV,Học,person_02,29
784,IMG_8055.MOV,Học,person_02,34
785,learn_001.MOV,Học,person_02,30
786,learn_002.MOV,Học,person_02,30
787,learn_003.MOV,Học,person_02,23
788,learn_004.MOV,Học,person_02,24
789,learn_005.MOV,Học,person_02,23
158,IMG_7950.MOV,Không,person_02,40
159,IMG_7953.MOV,Không,person_02,42
160,IMG_7958.MOV,Không,person_02,37
161,IMG_7959.MOV,Không,person_02,40
162,no_001.mp4,Không,person_02,52
163,no_002.mp4,Không,person_02,48
164,no_003.mp4,Không,person_02,68
165,no_004.mp4,Không,person_02,44
166,no_005.mp4,Không,person_02,44
790,IMG_8056.MOV,Thích,person_02,45
791,IMG_8057.MOV,Thích,person_02,41
792,IMG_8058.MOV,Thích,person_02,44
793,IMG_8059.MOV,Thích,person_02,47
794,IMG_8060.MOV,Thích,person_02,42
795,IMG_8061.MOV,Thích,person_02,40
796,IMG_8062.MOV,Thích,person_02,41
797,IMG_8063.MOV,Thích,person_02,39
798,IMG_8064.MOV,Thích,person_02,38
799,IMG_8065.MOV,Thích,person_02,43
800,like_001.MOV,Thích,person_02,38
801,like_002.MOV,Thích,person_02,46
802,like_003.MOV,Thích,person_02,39
803,like_004.MOV,Thích,person_02,32
804,like_005.mov,Thích,person_02,43
167,IMG_7981.MOV,Tôi,person_02,36
168,IMG_7982.MOV,Tôi,person_02,30
169,IMG_7983.MOV,Tôi,person_02,27
170,IMG_7984.MOV,Tôi,person_02,27
171,IMG_7985.MOV,Tôi,person_02,29
172,IMG_7986.MOV,Tôi,person_02,30
173,IMG_7987.MOV,Tôi,person_02,27
174,IMG_7988.MOV,Tôi,person_02,32
175,IMG_7989.MOV,Tôi,person_02,32
176,IMG_7990.MOV,Tôi,person_02,26
177,me_001.MOV,Tôi,person_02,27
178,me_002.MOV,Tôi,person_02,27
179,me_003.MOV,Tôi,person_02,39
180,me_004.MOV,Tôi,person_02,31
181,me_005.MOV,Tôi,person_02,13
182,IMG_7910.MOV,Tạm biệt,person_02,45
183,IMG_7911.MOV,Tạm biệt,person_02,44
184,IMG_7912.MOV,Tạm biệt,person_02,42
185,IMG_7914.MOV,Tạm biệt,person_02,41
186,IMG_7915.MOV,Tạm biệt,person_02,42
187,IMG_7916.MOV,Tạm biệt,person_02,48
188,IMG_7917.MOV,Tạm biệt,person_02,39
189,IMG_7918.MOV,Tạm biệt,person_02,49
190,IMG_7919.MOV,Tạm biệt,person_02,39
191,IMG_7920.MOV,Tạm biệt,person_02,47
192,goodbye_001.MOV,Tạm biệt,person_02,46
193,goodbye_002.MOV,Tạm biệt,person_02,41
194,goodbye_003.MOV,Tạm biệt,person_02,46
195,goodbye_004.MOV,Tạm biệt,person_02,56
196,goodbye_005.MOV,Tạm biệt,person_02,56
197,IMG_7971.MOV,Uống,person_02,32
198,IMG_7972.MOV,Uống,person_02,34
199,IMG_7973.MOV,Uống,person_02,32
200,IMG_7974.MOV,Uống,person_02,34
201,IMG_7975.MOV,Uống,person_02,34
202,IMG_7976.MOV,Uống,person_02,34
203,IMG_7977.MOV,Uống,person_02,35
204,IMG_7978.MOV,Uống,person_02,36
205,IMG_7979.MOV,Uống,person_02,29
206,IMG_7980.MOV,Uống,person_02,31
207,drink_001.MOV,Uống,person_02,42
208,drink_002.MOV,Uống,person_02,34
209,drink_003.mp4,Uống,person_02,30
210,drink_004.mp4,Uống,person_02,34
211,drink_005.mp4,Uống,person_02,35
212,IMG_7900.MOV,Xin chào,person_02,36
213,IMG_7901.MOV,Xin chào,person_02,32
214,IMG_7902.MOV,Xin chào,person_02,28
215,IMG_7903.MOV,Xin chào,person_02,37
216,IMG_7904.MOV,Xin chào,person_02,33
217,IMG_7905.MOV,Xin chào,person_02,39
218,IMG_7906.MOV,Xin chào,person_02,46
219,IMG_7907.MOV,Xin chào,person_02,31
220,IMG_7908.MOV,Xin chào,person_02,30
221,IMG_7909.MOV,Xin chào,person_02,38
222,hello_001.mp4,Xin chào,person_02,50
223,hello_002.mp4,Xin chào,person_02,44
224,hello_003.mp4,Xin chào,person_02,39
225,hello_004.mp4,Xin chào,person_02,34
226,hello_005.MOV,Xin chào,person_02,30
227,IMG_7931.MOV,Xin lỗi,person_02,59
228,IMG_7932.MOV,Xin lỗi,person_02,62
229,IMG_7933.MOV,Xin lỗi,person_02,70
230,IMG_7934.MOV,Xin lỗi,person_02,65
231,IMG_7935.MOV,Xin lỗi,person_02,56
232,IMG_7936.MOV,Xin lỗi,person_02,85
233,IMG_7937.MOV,Xin lỗi,person_02,59
234,IMG_7938.MOV,Xin lỗi,person_02,63
235,IMG_7939.MOV,Xin lỗi,person_02,62
236,IMG_7940.MOV,Xin lỗi,person_02,65
237,sorry_001.mp4,Xin lỗi,person_02,85
238,sorry_002.mp4,Xin lỗi,person_02,75
239,sorry_003.mp4,Xin lỗi,person_02,74
240,sorry_004.MOV,Xin lỗi,person_02,81
241,sorry_005.MOV,Xin lỗi,person_02,92
242,IMG_7961.MOV,Ăn,person_02,21
243,IMG_7962.MOV,Ăn,person_02,22
244,IMG_7963.MOV,Ăn,person_02,21
245,IMG_7964.MOV,Ăn,person_02,18
246,IMG_7965.MOV,Ăn,person_02,19
247,IMG_7967.MOV,Ăn,person_02,22
248,IMG_7968.MOV,Ăn,person_02,20
249,IMG_7969.MOV,Ăn,person_02,24
250,eat_001.mp4,Ăn,person_02,33
251,eat_002.mp4,Ăn,person_02,33
252,eat_003.mp4,Ăn,person_02,32
253,eat_004.MOV,Ăn,person_02,31
254,eat_005.MOV,Ăn,person_02,26
963,friend_001.MOV,Bạn bè,person_03,71
964,friend_002.MOV,Bạn bè,person_03,54
965,friend_003.mov,Bạn bè,person_03,65
805,dad_001.MOV,Bố,person_03,76
806,dad_002.MOV,Bố,person_03,70
807,dad_003.MOV,Bố,person_03,37
808,dad_004.MOV,Bố,person_03,58
809,dad_005.MOV,Bố,person_03,48
594,7912629543939.mp4,Có,person_03,64
595,7912629986090.mp4,Có,person_03,63
255,IMG_2359.MOV,Có,person_03,69
256,IMG_2360.MOV,Có,person_03,79
257,IMG_2361.MOV,Có,person_03,69
258,IMG_2362.MOV,Có,person_03,74
259,IMG_2363.MOV,Có,person_03,68
260,IMG_2364.MOV,Có,person_03,76
261,IMG_2365.MOV,Có,person_03,77
262,IMG_2366.MOV,Có,person_03,69
263,IMG_2367.MOV,Có,person_03,72
264,IMG_2368.MOV,Có,person_03,65
265,IMG_2369.MOV,Có,person_03,85
266,yes_001.MOV,Có,person_03,78
267,yes_002.MOV,Có,person_03,64
268,yes_003.MOV,Có,person_03,76
596,7912627952282.mp4,Cảm ơn,person_03,77
597,7912628227788.mp4,Cảm ơn,person_03,39
269,IMG_2345.MOV,Cảm ơn,person_03,68
270,IMG_2346.MOV,Cảm ơn,person_03,71
271,IMG_2347.MOV,Cảm ơn,person_03,76
272,IMG_2348.MOV,Cảm ơn,person_03,74
273,IMG_2349.MOV,Cảm ơn,person_03,72
274,IMG_2350.MOV,Cảm ơn,person_03,66
275,IMG_2351.MOV,Cảm ơn,person_03,66
276,IMG_2352.MOV,Cảm ơn,person_03,66
277,IMG_2353.MOV,Cảm ơn,person_03,67
278,IMG_2354.MOV,Cảm ơn,person_03,70
279,IMG_2355.MOV,Cảm ơn,person_03,57
280,thanks_001.MOV,Cảm ơn,person_03,59
281,thanks_002.MOV,Cảm ơn,person_03,99
282,thanks_003.mov,Cảm ơn,person_03,78
810,understand_001.MOV,Hiểu,person_03,34
811,understand_002.MOV,Hiểu,person_03,31
812,understand_003.MOV,Hiểu,person_03,45
813,understand_004.MOV,Hiểu,person_03,58
814,understand_005.MOV,Hiểu,person_03,47
815,understand_006.MOV,Hiểu,person_03,62
598,7912636251231.mp4,Hạnh phúc,person_03,56
283,IMG_2371.MOV,Hạnh phúc,person_03,55
284,IMG_2372.MOV,Hạnh phúc,person_03,54
285,IMG_2373.MOV,Hạnh phúc,person_03,56
286,IMG_2374.MOV,Hạnh phúc,person_03,52
287,IMG_2375.MOV,Hạnh phúc,person_03,55
288,IMG_2376.MOV,Hạnh phúc,person_03,53
289,IMG_2377.MOV,Hạnh phúc,person_03,54
290,IMG_2378.MOV,Hạnh phúc,person_03,52
291,IMG_2379.MOV,Hạnh phúc,person_03,66
292,IMG_2380.MOV,Hạnh phúc,person_03,47
293,IMG_2381.MOV,Hạnh phúc,person_03,53
294,help_001.MOV,Hạnh phúc,person_03,65
295,help_002.mov,Hạnh phúc,person_03,77
296,help_003.mov,Hạnh phúc,person_03,78
297,help_004.mov,Hạnh phúc,person_03,74
298,help_005.mov,Hạnh phúc,person_03,75
299,help_006.mov,Hạnh phúc,person_03,103
816,learn_001.MOV,Học,person_03,43
817,learn_002.MOV,Học,person_03,50
818,learn_003.MOV,Học,person_03,56
819,learn_004.MOV,Học,person_03,40
820,learn_005.MOV,Học,person_03,55
599,7912633327033.mp4,Không,person_03,80
600,7912633427660.mp4,Không,person_03,62
300,IMG_2384(1).mov,Không,person_03,71
301,IMG_2384(2).mov,Không,person_03,80
302,IMG_2384(3).mov,Không,person_03,68
303,IMG_2384(4).mov,Không,person_03,76
304,IMG_2384(5).mov,Không,person_03,76
305,IMG_2384(6).mov,Không,person_03,66
306,IMG_2384(7).mov,Không,person_03,73
307,IMG_2384(8).mov,Không,person_03,70
308,IMG_2384(9).mov,Không,person_03,65
309,IMG_2384.mov,Không,person_03,68
310,no_001.MOV,Không,person_03,94
311,no_002.MOV,Không,person_03,87
312,no_003.MOV,Không,person_03,81
821,like_001.MOV,Thích,person_03,79
823,like_003.MOV,Thích,person_03,84
824,like_004.MOV,Thích,person_03,50
825,like_005.MOV,Thích,person_03,59
601,7912636004802.mp4,Tôi,person_03,56
313,IMG_2385(1).mov,Tôi,person_03,58
314,IMG_2385(2).mov,Tôi,person_03,49
315,IMG_2385(3).mov,Tôi,person_03,59
316,IMG_2385(4).mov,Tôi,person_03,50
317,IMG_2385(5).mov,Tôi,person_03,58
318,IMG_2385(6).mov,Tôi,person_03,54
319,IMG_2385(7).mov,Tôi,person_03,46
320,IMG_2385(8).mov,Tôi,person_03,42
321,IMG_2385(9).mov,Tôi,person_03,47
322,IMG_2385.mov,Tôi,person_03,71
323,me_001.MOV,Tôi,person_03,44
325,me_003.MOV,Tôi,person_03,49
326,me_004.MOV,Tôi,person_03,64
327,me_005.MOV,Tôi,person_03,83
328,goodbye_001.MOV,Tạm biệt,person_03,59
329,goodbye_002.MOV,Tạm biệt,person_03,79
330,goodbye_003.MOV,Tạm biệt,person_03,72
332,goodbye_005.MOV,Tạm biệt,person_03,70
333,IMG_2386(1).mov,Uống,person_03,41
334,IMG_2386(2).mov,Uống,person_03,44
335,IMG_2386(3).mov,Uống,person_03,49
336,IMG_2386(4).mov,Uống,person_03,45
337,IMG_2386(5).mov,Uống,person_03,47
338,IMG_2386(6).mov,Uống,person_03,51
339,IMG_2386(7).mov,Uống,person_03,56
340,IMG_2386(8).mov,Uống,person_03,48
341,IMG_2386(9).mov,Uống,person_03,42
342,IMG_2386.mov,Uống,person_03,46
343,drink_001.MOV,Uống,person_03,45
344,drink_002.MOV,Uống,person_03,40
345,drink_003.MOV,Uống,person_03,41
346,IMG_2387(1).mov,Xin chào,person_03,71
347,IMG_2387(2).mov,Xin chào,person_03,58
348,IMG_2387(3).mov,Xin chào,person_03,58
349,IMG_2387(4).mov,Xin chào,person_03,59
350,IMG_2387(5).mov,Xin chào,person_03,68
351,IMG_2387(6).mov,Xin chào,person_03,58
352,IMG_2387(7).mov,Xin chào,person_03,50
353,IMG_2387(8).mov,Xin chào,person_03,59
355,IMG_2387.mov,Xin chào,person_03,51
356,hello_001.mov,Xin chào,person_03,60
357,hello_002.mov,Xin chào,person_03,59
358,hello_003.mov,Xin chào,person_03,57
359,hello_004.mov,Xin chào,person_03,51
360,hello_005.mov,Xin chào,person_03,56
361,hello_006.MOV,Xin chào,person_03,69
362,hello_007.MOV,Xin chào,person_03,70
363,IMG_2388(1).MOV,Xin lỗi,person_03,84
364,IMG_2388(2).mov,Xin lỗi,person_03,94
365,IMG_2388(3).mov,Xin lỗi,person_03,66
366,IMG_2388(4).mov,Xin lỗi,person_03,71
367,IMG_2388(5).mov,Xin lỗi,person_03,74
368,IMG_2388(6).mov,Xin lỗi,person_03,82
369,IMG_2388(7).mov,Xin lỗi,person_03,57
370,IMG_2388(8).mov,Xin lỗi,person_03,67
371,IMG_2388(9).mov,Xin lỗi,person_03,92
372,IMG_2388.MOV,Xin lỗi,person_03,83
373,sorry_001.MOV,Xin lỗi,person_03,68
374,sorry_002.MOV,Xin lỗi,person_03,81
375,sorry_003.mov,Xin lỗi,person_03,166
376,sorry_004.MOV,Xin lỗi,person_03,77
602,7912624242948.mp4,Ăn,person_03,31
603,7912624596005.mp4,Ăn,person_03,41
377,IMG_2329.MOV,Ăn,person_03,33
378,IMG_2332.MOV,Ăn,person_03,38
379,IMG_2333.MOV,Ăn,person_03,39
380,IMG_2334.MOV,Ăn,person_03,37
381,IMG_2335.MOV,Ăn,person_03,45
382,IMG_2338.MOV,Ăn,person_03,43
383,IMG_2339.MOV,Ăn,person_03,44
384,IMG_2340.MOV,Ăn,person_03,28
385,IMG_2341.MOV,Ăn,person_03,24
386,IMG_2342.MOV,Ăn,person_03,49
387,eat_001.MOV,Ăn,person_03,28
388,eat_002.MOV,Ăn,person_03,31
389,eat_003.MOV,Ăn,person_03,67
390,eat_004.MOV,Ăn,person_03,93
974,IMG_1992.MOV,Bạn bè,person_07,45
975,IMG_1993.MOV,Bạn bè,person_07,38
976,IMG_1994.MOV,Bạn bè,person_07,37
979,IMG_1997.MOV,Bạn bè,person_07,41
980,IMG_1998.MOV,Bạn bè,person_07,43
981,IMG_1999.MOV,Bạn bè,person_07,44
982,IMG_2001.MOV,Bạn bè,person_07,46
983,IMG_2002.MOV,Bạn bè,person_07,45
855,IMG_2003.MOV,Bố,person_07,31
856,IMG_2005.MOV,Bố,person_07,30
857,IMG_2006.MOV,Bố,person_07,34
858,IMG_2007.MOV,Bố,person_07,33
859,IMG_2008.MOV,Bố,person_07,28
860,IMG_2009.MOV,Bố,person_07,26
861,IMG_2010.MOV,Bố,person_07,31
862,IMG_2011.MOV,Bố,person_07,42
863,IMG_2012.MOV,Bố,person_07,31
864,IMG_2013.MOV,Bố,person_07,32
478,01.MOV,Có,person_07,58
479,02.MOV,Có,person_07,67
480,03.MOV,Có,person_07,64
481,04.MOV,Có,person_07,59
482,05.MOV,Có,person_07,56
483,06.MOV,Có,person_07,58
484,07.MOV,Có,person_07,59
485,08.MOV,Có,person_07,63
486,09.MOV,Có,person_07,60
487,10.mov,Có,person_07,46
488,01.MOV,Cảm ơn,person_07,60
489,02.MOV,Cảm ơn,person_07,57
490,03.MOV,Cảm ơn,person_07,58
491,04.MOV,Cảm ơn,person_07,72
492,05.MOV,Cảm ơn,person_07,67
493,06.MOV,Cảm ơn,person_07,77
494,07.MOV,Cảm ơn,person_07,76
495,08.MOV,Cảm ơn,person_07,78
496,09.MOV,Cảm ơn,person_07,57
497,10.MOV,Cảm ơn,person_07,59
865,IMG_2014.MOV,Hiểu,person_07,45
866,IMG_2015.MOV,Hiểu,person_07,41
867,IMG_2016.MOV,Hiểu,person_07,39
868,IMG_2017.MOV,Hiểu,person_07,38
869,IMG_2018.MOV,Hiểu,person_07,33
870,IMG_2019.MOV,Hiểu,person_07,30
871,IMG_2020.MOV,Hiểu,person_07,35
872,IMG_2021.MOV,Hiểu,person_07,32
873,IMG_2022.MOV,Hiểu,person_07,36
874,IMG_2023.MOV,Hiểu,person_07,30
498,01.MOV,Hạnh phúc,person_07,37
499,02.MOV,Hạnh phúc,person_07,38
500,03.MOV,Hạnh phúc,person_07,39
501,04.MOV,Hạnh phúc,person_07,41
502,05.MOV,Hạnh phúc,person_07,41
503,06.MOV,Hạnh phúc,person_07,39
504,07.MOV,Hạnh phúc,person_07,42
505,08.MOV,Hạnh phúc,person_07,39
506,09.MOV,Hạnh phúc,person_07,41
507,10.MOV,Hạnh phúc,person_07,41
875,IMG_2024.MOV,Học,person_07,40
876,IMG_2025.MOV,Học,person_07,39
877,IMG_2026.MOV,Học,person_07,37
878,IMG_2027.MOV,Học,person_07,45
879,IMG_2028.MOV,Học,person_07,66
880,IMG_2029.MOV,Học,person_07,39
881,IMG_2030.MOV,Học,person_07,34
882,IMG_2031.MOV,Học,person_07,38
883,IMG_2032.MOV,Học,person_07,39
884,IMG_2033.MOV,Học,person_07,37
508,01.MOV,Không,person_07,55
509,02.MOV,Không,person_07,53
510,03.MOV,Không,person_07,50
511,04(1).MOV,Không,person_07,53
512,04.MOV,Không,person_07,50
513,05.MOV,Không,person_07,42
514,06.MOV,Không,person_07,50
515,07.MOV,Không,person_07,52
516,08.MOV,Không,person_07,46
517,09.MOV,Không,person_07,36
885,IMG_2034.MOV,Thích,person_07,49
886,IMG_2035.MOV,Thích,person_07,46
887,IMG_2036.MOV,Thích,person_07,115
888,IMG_2037.MOV,Thích,person_07,106
889,IMG_2038.MOV,Thích,person_07,91
890,IMG_2039.MOV,Thích,person_07,104
891,IMG_2040.MOV,Thích,person_07,112
892,IMG_2041.MOV,Thích,person_07,63
893,IMG_2042.MOV,Thích,person_07,62
894,IMG_2043.MOV,Thích,person_07,75
518,01.MOV,Tôi,person_07,28
519,02.MOV,Tôi,person_07,35
520,03.MOV,Tôi,person_07,39
521,04.MOV,Tôi,person_07,38
522,05.MOV,Tôi,person_07,37
523,06.MOV,Tôi,person_07,38
524,07.MOV,Tôi,person_07,38
525,08.MOV,Tôi,person_07,28
526,09.MOV,Tôi,person_07,32
527,10.MOV,Tôi,person_07,35
528,01.MOV,Tạm biệt,person_07,42
529,02.MOV,Tạm biệt,person_07,51
530,03.MOV,Tạm biệt,person_07,47
531,04.MOV,Tạm biệt,person_07,49
532,05.MOV,Tạm biệt,person_07,56
533,06.MOV,Tạm biệt,person_07,62
534,07.MOV,Tạm biệt,person_07,46
535,08.MOV,Tạm biệt,person_07,51
536,09.MOV,Tạm biệt,person_07,43
537,10.MOV,Tạm biệt,person_07,45
538,01.MOV,Uống,person_07,24
539,02.MOV,Uống,person_07,27
540,03.MOV,Uống,person_07,34
541,04.MOV,Uống,person_07,27
542,05.MOV,Uống,person_07,30
543,06.MOV,Uống,person_07,29
544,07.MOV,Uống,person_07,36
545,08.MOV,Uống,person_07,33
546,09.MOV,Uống,person_07,37
547,10.MOV,Uống,person_07,31
548,01.MOV,Xin chào,person_07,51
549,02.MOV,Xin chào,person_07,63
550,03.MOV,Xin chào,person_07,74
551,04.MOV,Xin chào,person_07,50
552,05.MOV,Xin chào,person_07,44
553,06.MOV,Xin chào,person_07,55
554,07.MOV,Xin chào,person_07,48
555,08(1).MOV,Xin chào,person_07,49
556,08.MOV,Xin chào,person_07,40
557,09.MOV,Xin chào,person_07,43
558,10.MOV,Xin chào,person_07,41
559,01.MOV,Xin lỗi,person_07,76
560,02.MOV,Xin lỗi,person_07,83
561,03.MOV,Xin lỗi,person_07,96
562,04.MOV,Xin lỗi,person_07,99
563,05.MOV,Xin lỗi,person_07,98
564,06.MOV,Xin lỗi,person_07,84
565,07.MOV,Xin lỗi,person_07,113
566,08.MOV,Xin lỗi,person_07,91
567,09.MOV,Xin lỗi,person_07,108
568,01.MOV,Ăn,person_07,21
569,02.MOV,Ăn,person_07,25
570,03.MOV,Ăn,person_07,27
571,04.MOV,Ăn,person_07,34
572,05.MOV,Ăn,person_07,27
573,06.MOV,Ăn,person_07,37
574,07.MOV,Ăn,person_07,44
575,08.MOV,Ăn,person_07,38
576,09.MOV,Ăn,person_07,36
577,10.MOV,Ăn,person_07,33
984,IMG_0726.MOV,Bạn bè,person_08,69
985,IMG_0727.MOV,Bạn bè,person_08,58
986,IMG_0728.MOV,Bạn bè,person_08,79
987,IMG_0729.MOV,Bạn bè,person_08,90
988,IMG_0730.MOV,Bạn bè,person_08,82
989,IMG_0731.MOV,Bạn bè,person_08,74
990,IMG_0732.MOV,Bạn bè,person_08,65
991,IMG_0735.MOV,Bạn bè,person_08,70
992,IMG_0737.MOV,Bạn bè,person_08,85
993,IMG_0739.MOV,Bạn bè,person_08,91
895,IMG_0751.MOV,Bố,person_08,47
896,IMG_0752.MOV,Bố,person_08,53
897,IMG_0753.MOV,Bố,person_08,47
898,IMG_0754.MOV,Bố,person_08,74
899,IMG_0755.MOV,Bố,person_08,63
900,IMG_0756.MOV,Bố,person_08,48
901,IMG_0757.MOV,Bố,person_08,37
902,IMG_0758.MOV,Bố,person_08,53
903,IMG_0759.MOV,Bố,person_08,70
904,IMG_0760.MOV,Bố,person_08,79
604,IMG_0642.MOV,Có,person_08,58
605,IMG_0643.MOV,Có,person_08,82
606,IMG_0645.MOV,Có,person_08,68
607,IMG_0646.MOV,Có,person_08,78
608,IMG_0647.MOV,Có,person_08,80
609,IMG_0648.MOV,Có,person_08,93
610,IMG_0649.MOV,Có,person_08,82
611,IMG_0650.MOV,Có,person_08,95
612,IMG_0651.MOV,Có,person_08,102
613,IMG_0652.MOV,Có,person_08,102
614,IMG_0653.MOV,Có,person_08,120
615,IMG_0631.MOV,Cảm ơn,person_08,50
616,IMG_0632.MOV,Cảm ơn,person_08,55
617,IMG_0633.MOV,Cảm ơn,person_08,61
618,IMG_0634.MOV,Cảm ơn,person_08,72
619,IMG_0635.MOV,Cảm ơn,person_08,73
620,IMG_0636.MOV,Cảm ơn,person_08,44
621,IMG_0637.MOV,Cảm ơn,person_08,88
622,IMG_0638.MOV,Cảm ơn,person_08,69
623,IMG_0639.MOV,Cảm ơn,person_08,61
624,IMG_0641.MOV,Cảm ơn,person_08,64
905,IMG_0751.MOV,Hiểu,person_08,47
906,IMG_0752.MOV,Hiểu,person_08,53
907,IMG_0753.MOV,Hiểu,person_08,47
908,IMG_0754.MOV,Hiểu,person_08,74
909,IMG_0755.MOV,Hiểu,person_08,63
910,IMG_0756.MOV,Hiểu,person_08,48
911,IMG_0757.MOV,Hiểu,person_08,37
912,IMG_0758.MOV,Hiểu,person_08,53
913,IMG_0759.MOV,Hiểu,person_08,70
914,IMG_0760.MOV,Hiểu,person_08,79
625,IMG_0654.MOV,Hạnh phúc,person_08,56
626,IMG_0655.MOV,Hạnh phúc,person_08,52
627,IMG_0656.MOV,Hạnh phúc,person_08,60
628,IMG_0657.MOV,Hạnh phúc,person_08,59
629,IMG_0658.MOV,Hạnh phúc,person_08,72
630,IMG_0659.MOV,Hạnh phúc,person_08,71
631,IMG_0660.MOV,Hạnh phúc,person_08,112
632,IMG_0661.MOV,Hạnh phúc,person_08,64
633,IMG_0662.MOV,Hạnh phúc,person_08,121
915,IMG_0762.MOV,Học,person_08,54
916,IMG_0763.MOV,Học,person_08,65
917,IMG_0764.MOV,Học,person_08,62
918,IMG_0765.MOV,Học,person_08,70
919,IMG_0766.MOV,Học,person_08,56
920,IMG_0767.MOV,Học,person_08,55
921,IMG_0768.MOV,Học,person_08,56
922,IMG_0769.MOV,Học,person_08,64
634,IMG_0664.MOV,Không,person_08,92
635,IMG_0665.MOV,Không,person_08,93
636,IMG_0666.MOV,Không,person_08,67
637,IMG_0667.MOV,Không,person_08,88
638,IMG_0668.MOV,Không,person_08,97
639,IMG_0669.MOV,Không,person_08,134
640,IMG_0670.MOV,Không,person_08,113
641,IMG_0671.MOV,Không,person_08,85
642,IMG_0672.MOV,Không,person_08,87
923,IMG_0771.MOV,Thích,person_08,77
924,IMG_0772.MOV,Thích,person_08,62
925,IMG_0773.MOV,Thích,person_08,61
926,IMG_0774.MOV,Thích,person_08,66
927,IMG_0775.MOV,Thích,person_08,62
928,IMG_0776.MOV,Thích,person_08,57
929,IMG_0777.MOV,Thích,person_08,63
930,IMG_0778.MOV,Thích,person_08,54
931,IMG_0779.MOV,Thích,person_08,56
643,IMG_0685.MOV,Tôi,person_08,44
644,IMG_0686.MOV,Tôi,person_08,56
645,IMG_0688.MOV,Tôi,person_08,23
646,IMG_0689.MOV,Tôi,person_08,38
647,IMG_0690.MOV,Tôi,person_08,38
648,IMG_0691.MOV,Tôi,person_08,52
649,IMG_0692.MOV,Tôi,person_08,40
650,IMG_0693.MOV,Tôi,person_08,29
651,IMG_0694.MOV,Tôi,person_08,43
652,IMG_0673.MOV,Tạm biệt,person_08,95
653,IMG_0676.MOV,Tạm biệt,person_08,81
654,IMG_0677.MOV,Tạm biệt,person_08,100
655,IMG_0678.MOV,Tạm biệt,person_08,84
656,IMG_0680.MOV,Tạm biệt,person_08,137
657,IMG_0681.MOV,Tạm biệt,person_08,79
658,IMG_0682.MOV,Tạm biệt,person_08,68
659,IMG_0683.MOV,Tạm biệt,person_08,89
660,IMG_0695.MOV,Uống,person_08,60
661,IMG_0696.MOV,Uống,person_08,93
662,IMG_0697.MOV,Uống,person_08,106
663,IMG_0698.MOV,Uống,person_08,92
664,IMG_0699.MOV,Uống,person_08,83
665,IMG_0701.MOV,Uống,person_08,74
666,IMG_0702.MOV,Uống,person_08,126
667,IMG_0703.MOV,Xin chào,person_08,54
668,IMG_0704.MOV,Xin chào,person_08,50
669,IMG_0705.MOV,Xin chào,person_08,58
670,IMG_0706.MOV,Xin chào,person_08,56
671,IMG_0707.MOV,Xin chào,person_08,50
672,IMG_0708.MOV,Xin chào,person_08,46
673,IMG_0709.MOV,Xin chào,person_08,80
674,IMG_0710.MOV,Xin chào,person_08,93
675,IMG_0711.MOV,Xin lỗi,person_08,98
676,IMG_0712.MOV,Xin lỗi,person_08,88
677,IMG_0713.MOV,Xin lỗi,person_08,78
678,IMG_0714.MOV,Xin lỗi,person_08,79
679,IMG_0715.MOV,Xin lỗi,person_08,111
680,IMG_0716.MOV,Xin lỗi,person_08,64
681,IMG_0718.MOV,Xin lỗi,person_08,57
682,IMG_0719.MOV,Xin lỗi,person_08,95
683,IMG_0720.MOV,Xin lỗi,person_08,89
684,IMG_0621.MOV,Ăn,person_08,50
685,IMG_0622.MOV,Ăn,person_08,49
686,IMG_0623.MOV,Ăn,person_08,42
687,IMG_0625.MOV,Ăn,person_08,52
688,IMG_0626.MOV,Ăn,person_08,57
689,IMG_0627.MOV,Ăn,person_08,75
690,IMG_0628.MOV,Ăn,person_08,62
691,IMG_0629.MOV,Ăn,person_08,48
692,IMG_0630.MOV,Ăn,person_08,78
